title,body,rating,review_date,reviewer_name,reviewer_email,product_id,product_handle,reply,picture_urls
I did this hairstyle in 5 minutes.,I did this hairstyle in 5 minutes.,5,2026-01-25 10:30:00 UTC,Jane,jane@gmail.com,8543122096265,mammoth-airstyler-5-in-1-complete-kit,,https://cdn.shopify.com/s/files/1/0755/4111/9113/files/review-1-jane.jpg?v=1776017756
The before and after is impressive.,The before and after is impressive.,5,2026-03-17 14:22:00 UTC,Emma,emma@gmail.com,8543122096265,mammoth-airstyler-5-in-1-complete-kit,,https://cdn.shopify.com/s/files/1/0755/4111/9113/files/review-2-emma.jpg?v=1776017757
I've never had so much volume 🌟,I've never had so much volume 🌟,5,2026-04-09 09:15:00 UTC,Lisa,lisa@gmail.com,8543122096265,mammoth-airstyler-5-in-1-complete-kit,,https://cdn.shopify.com/s/files/1/0755/4111/9113/files/review-3-lisa.jpg?v=1776017761
"Quick, simple... and beautiful, perfect for everyday wear 🤩","Quick, simple... and beautiful, perfect for everyday wear 🤩",5,2026-02-18 16:45:00 UTC,Emily,emily@gmail.com,8543122096265,mammoth-airstyler-5-in-1-complete-kit,,https://cdn.shopify.com/s/files/1/0755/4111/9113/files/review-4-emily.jpg?v=1776017762
"Finally, a product that replaces Dyson without emptying your wallet.","Finally, a product that replaces Dyson without emptying your wallet.",4,2026-03-11 11:30:00 UTC,Fiona,fiona@gmail.com,8543122096265,mammoth-airstyler-5-in-1-complete-kit,,https://cdn.shopify.com/s/files/1/0755/4111/9113/files/review-5-fiona.jpg?v=1776017763
My friends asked me if I had just come back from the hairdresser!,My friends asked me if I had just come back from the hairdresser!,5,2026-04-06 13:20:00 UTC,Sophia,sophia@gmail.com,8543122096265,mammoth-airstyler-5-in-1-complete-kit,,https://cdn.shopify.com/s/files/1/0755/4111/9113/files/review-6-sophia.jpg?v=1776017765
Protect my hair,"I've always been afraid of damaging my hair with heat, but the 5-in-1 offers a styling option that is truly effective and doesn't burn the hair. My hair is shiny without being damaged.",5,2026-03-30 08:45:00 UTC,Olivia B.,oliviab@gmail.com,8543122096265,mammoth-airstyler-5-in-1-complete-kit,,https://cdn.shopify.com/s/files/1/0755/4111/9113/files/review-7-olivia-b.jpg?v=1776017768
Different types of loops,"I am impressed by the functionality of this 5 in 1 brush. I can easily achieve different types of curls, and it works very well when I'm on the go.",3,2026-02-03 19:10:00 UTC,Sarah L.,sarahl@gmail.com,8543122096265,mammoth-airstyler-5-in-1-complete-kit,,https://cdn.shopify.com/s/files/1/0755/4111/9113/files/review-8-sarah-l.jpg?v=1776017770
Comfort and quality,Very good quality and practical to use. It allows me to style my hair quickly and perfectly every day. I am very happy with my gift.,5,2026-03-22 15:30:00 UTC,Julie T.,juliet@gmail.com,8543122096265,mammoth-airstyler-5-in-1-complete-kit,,https://cdn.shopify.com/s/files/1/0755/4111/9113/files/review-9-julie-t.jpg?v=1776017772
Daily pleasure,"The 5 in 1 curling iron and other accessories are a hit! I use it every day and am delighted with the results. My hair looks amazing and healthy, and I get lots of compliments. I recommend this brand and am going to buy a second one as a gift for my mother!",5,2026-04-02 07:55:00 UTC,Laura N.,lauran@gmail.com,8543122096265,mammoth-airstyler-5-in-1-complete-kit,,https://cdn.shopify.com/s/files/1/0755/4111/9113/files/review-10-laura-n.jpg?v=1776017774
I'm impressed,"At first, I doubted whether it would be as effective as the Dyson Airwrap, but I decided to give it a try. To be honest, I'm impressed! The curls hold well (I only use a light hairspray), and my hair isn't dry or damaged like it was with my old curling iron. It took me a few tries to figure out how to use it properly, but now I can do it very quickly! Really good value for money.",3,2026-03-07 20:15:00 UTC,Ashley B.,ashleyb@gmail.com,8543122096265,mammoth-airstyler-5-in-1-complete-kit,,https://cdn.shopify.com/s/files/1/0755/4111/9113/files/review-11-ashley-b.jpg?v=1776017776
A great tool,The ideal styling tool in my opinion! This 5 in 1 styling tool is easy to use and has an elegant design.,5,2026-02-12 12:00:00 UTC,Emily L.,emilyl@gmail.com,8543122096265,mammoth-airstyler-5-in-1-complete-kit,,https://cdn.shopify.com/s/files/1/0755/4111/9113/files/review-12-emily-l.jpg?v=1776017778
Fast and efficient,"A great device 😊 It dries, curls, and straightens in one go! Hair looks beautiful and healthy — Ideal for those who want to save time, it creates beautiful curls or straight hair in just a few minutes. I recommend it!",5,2026-01-30 17:40:00 UTC,Alana V.,alanav@gmail.com,8543122096265,mammoth-airstyler-5-in-1-complete-kit,,https://cdn.shopify.com/s/files/1/0755/4111/9113/files/review-13-alana-v.jpg?v=1776017780
Beautiful curls that last all day long!,"I'm delighted! ❤️ This product is a real hit: it smooths the hair, lifts it at the roots and creates beautiful, bouncy curls that last all day long. Your hairstyle looks like you've just been to the hairdresser! 🌟
What's more, it comes in a pretty pink color, which adds to its charm. Every woman should have one at home! 💖",5,2026-02-21 09:30:00 UTC,Megan A.,megana@gmail.com,8543122096265,mammoth-airstyler-5-in-1-complete-kit,,https://cdn.shopify.com/s/files/1/0755/4111/9113/files/review-14-megan-a.jpg?v=1776017782
A device worthy of a magic wand in the world of hairstyling,"The 5-in-1 styling tool is a true multitasker: it straightens, curls, shapes, and adds volume, allowing you to create a different hairstyle every day. Compact and lightweight, it's ideal for travel and replaces several separate devices. It's a practical gadget that makes life easier and allows you to have a salon-worthy hairstyle every day.",5,2026-03-14 11:20:00 UTC,Stephanie C.,stephaniec@gmail.com,8543122096265,mammoth-airstyler-5-in-1-complete-kit,,https://cdn.shopify.com/s/files/1/0755/4111/9113/files/review-15-stephanie-c.jpg?v=1776017785
Box arrived crushed,The product itself seems fine but the box arrived completely crushed. Like somebody stepped on it. The travel pouch zipper was stuck too. Im sure the tool works but this is not how you ship something. Returning for a replacement,2,2026-01-15 22:05:00 UTC,BREANN T.,breannt@gmail.com,8543122096265,mammoth-airstyler-5-in-1-complete-kit,We're sorry about your experience. Please contact our support team and we'll make this right with a replacement. We take packaging quality seriously.,https://cdn.shopify.com/s/files/1/0755/4111/9113/files/review-16-breann-t.jpg?v=1776017788
"Wife loves it, scrunchie was meh","Got this for my wife for valentines day. She likes it a lot. The tool itself is great and she uses it every day. The silk scrunchie was kinda meh quality though, felt more like satin than real silk. Everything else in the kit was nice. She says the round brush is her favorite attachment",4,2026-01-20 18:30:00 UTC,Marcus J.,marcusj@gmail.com,8543122096265,mammoth-airstyler-5-in-1-complete-kit,,
Beautiful curls that last all day long!,Ok so the airflow concept is really cool and my hair does feel less damaged compared to my old flat iron. It took me a few tries to get the hang of the curling barrels tho. Like the coanda effect works but you have to hold it at the right angle and distance. Once I figured it out the curls came out nice. The smoothing brush was easy to use right away. Id say give yourself a week of practice and youll love it. Taking off one star because the learning curve was more than I expected,4,2026-01-22 14:15:00 UTC,Natalie C.,nataliec@gmail.com,8543122096265,mammoth-airstyler-5-in-1-complete-kit,,
Good but a little loud,"Works great but its kinda loud on the highest setting. My toddler does NOT appreciate it lol. On medium its fine tho and still dries & styles well. Good value for money, just wish it was quieter",4,2026-01-28 21:00:00 UTC,Kristen B.,kristenb@gmail.com,8543122096265,mammoth-airstyler-5-in-1-complete-kit,,
"Great tool, just wish the cord was longer","Really good tool overall. The blowout and smoothing attachments are amazing, I use those daily. The curling barrels are decent but the cord could be a little longer, I have to stand pretty close to the outlet which is annoying. Other than that its a solid buy for the price. Would have been 5 stars with a longer cord",4,2026-02-01 10:45:00 UTC,Stephanie H.,stephanieh@gmail.com,8543122096265,mammoth-airstyler-5-in-1-complete-kit,,
Works ok for my hair type,Its ok. The smoothing brush and dryer work well but I was expecting the curling to be easier. My hair is very thick and the curling barrel doesnt really grab it the way I hoped. I think it works better for finer hair types. The concept is cool and the price is fair but for thick curly hair its not amazing for curling specifically. The other attachments are good tho,3,2026-01-18 16:20:00 UTC,Aisha D.,aishad@gmail.com,8543122096265,mammoth-airstyler-5-in-1-complete-kit,,
Styling my hair takes me much less time,"Been using this for about 3 weeks now and my hair genuinely looks healthier. No more burnt smell after styling, no more crispy ends. The airflow is gentle but it actually styles really well. I keep it on my vanity and use it every morning. Also the 30 day return policy made me feel safe trying it. Definitely keeping it tho lol",5,2026-02-05 08:10:00 UTC,Lauren P.,laurenp@gmail.com,8543122096265,mammoth-airstyler-5-in-1-complete-kit,,https://cdn.shopify.com/s/files/1/0755/4111/9113/files/review-17-lauren-p.jpg?v=1776017790
Game changer,5 attachments. one tool. game changer,5,2026-02-10 23:30:00 UTC,megan,megan@gmail.com,8543122096265,mammoth-airstyler-5-in-1-complete-kit,,
Packaging is beautiful!!,"Just arrived!! The packaging is so nice, feels very premium. Came with a travel pouch, scrunchie and even a little spray bottle. Havent used it yet but first impressions are great, will update!",5,2026-02-27 19:45:00 UTC,Tiffany,tiffany@gmail.com,8543122096265,mammoth-airstyler-5-in-1-complete-kit,,https://cdn.shopify.com/s/files/1/0755/4111/9113/files/review-18-tiffany.jpg?v=1776017792
A device worthy of a magic wand in the world of hairstyling,"I work in finance and I need to look put together every day. Before this I was spending 30+ minutes with a blow dryer and then a separate curling iron. Now its one tool, 10 minutes, done. The round brush gives me volume at the roots and the curling barrel gives me these perfect loose waves. For under $100 this replaced tools that cost me $300+ combined. Very smart purchase",5,2026-03-02 07:30:00 UTC,Caroline W.,carolinew@gmail.com,8543122096265,mammoth-airstyler-5-in-1-complete-kit,,
Replaced my entire drawer,"replaced my entire drawer of hair tools. literally donated my dryer, curling iron and flat iron",5,2026-03-08 15:00:00 UTC,Sam T.,samt@gmail.com,8543122096265,mammoth-airstyler-5-in-1-complete-kit,,
No more burnt smell after styling,"My hair has been so much healthier since switching to this. I was using a CHI flat iron every single day and my ends were completely fried. This styles with air not direct heat and you can actually feel the difference. My hair is softer, shinier, and I haven't had to trim dead ends in months. The smoothing brush attachment is my favorite, it gets rid of frizz without that burnt smell you get from a flat iron",5,2026-02-22 12:40:00 UTC,Priya N.,priyan@gmail.com,8543122096265,mammoth-airstyler-5-in-1-complete-kit,,
Best beauty purchase of the year,"Let me just say I almost spent $600 on the Dyson and I am SO glad I didn't. This does the exact same thing. The coanda effect is real, the hair wraps around the barrel on its own. The kit comes with everything you could possibly need plus a cute travel bag. Ive been using it daily for about 5 weeks and it still works perfectly. For $99 this is honestly the best beauty purchase Ive made all year",5,2026-02-15 20:15:00 UTC,OLGA M.,olgam@gmail.com,8543122096265,mammoth-airstyler-5-in-1-complete-kit,,
"Saved my damaged hair, not exaggerating","So I've been on a journey to repair my heat damaged hair for about a year now. I threw out my flat iron and curling iron and was just doing air drying which took forever and looked meh. When I saw this used coanda airflow instead of extreme heat I thought ok lets try it. Its been about 6 weeks now and honestly the difference is huge. The curling barrels use warm air not direct heat so my hair isn't getting fried. The smoothing brush is amazing for getting rid of frizz without a flat iron. My hair stylist actually complimented how much healthier my ends look. The 3 temperature settings are great too, I keep it on the lowest and it still works perfectly. If youre worried about heat damage this is the answer. Its not a gimmick, the airflow technology is real and your hair will thank you",5,2026-03-12 09:00:00 UTC,Anjela R.,anjelar@gmail.com,8543122096265,mammoth-airstyler-5-in-1-complete-kit,,
Morning miracle for busy moms,"2 kids, zero time, this thing is my morning miracle. salon hair in 10 min flat. worth every penny!!",5,2026-03-18 06:50:00 UTC,MARIA L.,marial@gmail.com,8543122096265,mammoth-airstyler-5-in-1-complete-kit,,
The coanda tech is real,coanda tech is legit. hair wraps itself around the barrel. very impressed,5,2026-03-25 17:30:00 UTC,Rachel,rachel@gmail.com,8543122096265,mammoth-airstyler-5-in-1-complete-kit,,
My stylist noticed the difference,"I stopped using my flat iron about 6 months ago because my hair was literally breaking off. Like I would run my fingers through it and strands would just come out. My stylist told me I needed to stop with the extreme heat. I was skeptical about this because how can AIR style your hair?? But it actually works. The airflow wraps your hair around the barrel by itself, you dont have to manually wind it. After 2 months of using this instead of my flat iron my hair feels so much healthier. Its shinier, less frizz, and I haven't seen breakage since I switched. If you have damaged hair from heat tools PLEASE try this. Its not the same as a regular curling iron, the air does the work and your hair doesn't get fried",5,2026-03-29 14:20:00 UTC,Amanda K.,amandak@gmail.com,8543122096265,mammoth-airstyler-5-in-1-complete-kit,,
Mom life just got easier,"Mom of 3 here. I have MAYBE 10 minutes to do my hair before the chaos starts. This thing is a lifesaver. I use the round brush attachment and go from wet messy bun to actual blowout in under 10 min. My 7 year old even said ""mommy your hair looks pretty"" and honestly that made my whole week",5,2026-04-05 07:15:00 UTC,Jessica R.,jessicar@gmail.com,8543122096265,mammoth-airstyler-5-in-1-complete-kit,,https://cdn.shopify.com/s/files/1/0755/4111/9113/files/review-19-jessica-r.jpg?v=1776017794
"Same results as the Dyson, seriously","ok so I was THIIIS close to buying the dyson airwrap. like literally had it in my cart. then my friend told me about this and I figured why not try it first. honestly?? the results are the same. I did a full blowout with the round brush and my hair looked like I just left a salon. the curling barrels work amazing too, I got these loose beachy waves in like 8 minutes. for $100 vs $600 this is a no brainer. my husband even noticed my hair looked different lol",5,2026-04-08 21:45:00 UTC,Brittany S.,brittanys@gmail.com,8543122096265,mammoth-airstyler-5-in-1-complete-kit,,
Best gift I've ever given,"Bought this as a birthday gift for my girlfriend and she absolutely LOVES it. The kit comes with everything, the travel pouch is really nice quality, the scrunchie is silk, theres even a little ebook about hair care tips. She said it feels like a premium gift. For under $100 this looks and feels like you spent way more. She uses it every morning now. Best gift I've gotten her in years apparently lol",5,2026-03-20 13:10:00 UTC,Daniel M.,danielm@gmail.com,8543122096265,mammoth-airstyler-5-in-1-complete-kit,,
